-- phpMyAdmin SQL Dump
-- version 5.2.1
-- https://www.phpmyadmin.net/
--
-- Host: 127.0.0.1
-- Generation Time: Jun 24, 2025 at 07:09 AM
-- Server version: 10.4.32-MariaDB
-- PHP Version: 8.0.30

SET SQL_MODE = "NO_AUTO_VALUE_ON_ZERO";
START TRANSACTION;
SET time_zone = "+00:00";


/*!40101 SET @OLD_CHARACTER_SET_CLIENT=@@CHARACTER_SET_CLIENT */;
/*!40101 SET @OLD_CHARACTER_SET_RESULTS=@@CHARACTER_SET_RESULTS */;
/*!40101 SET @OLD_COLLATION_CONNECTION=@@COLLATION_CONNECTION */;
/*!40101 SET NAMES utf8mb4 */;

--
-- Database: `ead_coursework`
--

-- --------------------------------------------------------

--
-- Table structure for table `attendance`
--

CREATE TABLE `attendance` (
  `attendance_id` int(11) NOT NULL,
  `student_id` int(11) DEFAULT NULL,
  `subject_id` int(11) DEFAULT NULL,
  `date` date DEFAULT NULL,
  `status` enum('Present','Absent') DEFAULT NULL
) ENGINE=InnoDB DEFAULT CHARSET=utf8mb4 COLLATE=utf8mb4_general_ci;

--
-- Dumping data for table `attendance`
--

INSERT INTO `attendance` (`attendance_id`, `student_id`, `subject_id`, `date`, `status`) VALUES
(4, 2, 3, '2025-06-01', 'Present'),
(5, 3, 2, '2025-06-01', 'Absent'),
(7, 4, 3, '2025-06-01', 'Present'),
(8, 1, 2, '2025-06-01', 'Present'),
(10, 1, 2, '2025-06-10', 'Absent'),
(11, 1, 3, '2025-06-10', 'Present');

-- --------------------------------------------------------

--
-- Table structure for table `grades`
--

CREATE TABLE `grades` (
  `grade_id` int(11) NOT NULL,
  `student_id` int(11) DEFAULT NULL,
  `subject_id` int(11) DEFAULT NULL,
  `overall_grade` char(2) DEFAULT NULL
) ENGINE=InnoDB DEFAULT CHARSET=utf8mb4 COLLATE=utf8mb4_general_ci;

-- --------------------------------------------------------

--
-- Table structure for table `marks`
--

CREATE TABLE `marks` (
  `mark_id` int(11) NOT NULL,
  `student_id` int(11) DEFAULT NULL,
  `subject_id` int(11) DEFAULT NULL,
  `exam_type` varchar(50) DEFAULT NULL,
  `marks_obtained` decimal(5,2) DEFAULT NULL,
  `max_marks` decimal(5,2) DEFAULT NULL,
  `exam_date` date DEFAULT NULL
) ENGINE=InnoDB DEFAULT CHARSET=utf8mb4 COLLATE=utf8mb4_general_ci;

--
-- Dumping data for table `marks`
--

INSERT INTO `marks` (`mark_id`, `student_id`, `subject_id`, `exam_type`, `marks_obtained`, `max_marks`, `exam_date`) VALUES
(2, 1, 2, 'Midterm', 62.00, 100.00, '2025-03-17'),
(4, 2, 3, 'Midterm', 88.00, 100.00, '2025-03-18'),
(5, 3, 2, 'Midterm', 42.00, 100.00, '2025-03-17'),
(7, 4, 3, 'Midterm', 72.00, 100.00, '2025-03-18');

-- --------------------------------------------------------

--
-- Table structure for table `students`
--

CREATE TABLE `students` (
  `student_id` int(11) NOT NULL,
  `full_name` varchar(100) DEFAULT NULL,
  `grade_level` varchar(10) DEFAULT NULL,
  `contact_number` varchar(15) DEFAULT NULL,
  `email` varchar(100) DEFAULT NULL,
  `address` text DEFAULT NULL
) ENGINE=InnoDB DEFAULT CHARSET=utf8mb4 COLLATE=utf8mb4_general_ci;

--
-- Dumping data for table `students`
--

INSERT INTO `students` (`student_id`, `full_name`, `grade_level`, `contact_number`, `email`, `address`) VALUES
(1, 'Gavesh Saparamadu', 'Grade 11', '0771234567', 'gaveshasaparamadu06@gmail.com', '123 Galle Road, Dehiwala'),
(2, 'Kasun Perera', 'Grade 10', '0771234567', 'kasun@example.com', '123 Galle Road, Colombo'),
(3, 'Nimasha Fernando', 'Grade 10', '0779876543', 'nimasha@example.com', '45 Kandy Road, Gampaha'),
(4, 'Tharindu Silva', 'Grade 11', '0712233445', 'tharindu@example.com', '10 Temple Lane, Matara'),
(7, 'Timesh Dillon', 'Grade 4', '123123', '123123', '123123');

-- --------------------------------------------------------

--
-- Table structure for table `subjects`
--

CREATE TABLE `subjects` (
  `subject_id` int(11) NOT NULL,
  `subject_name` varchar(100) DEFAULT NULL,
  `teacher_id` int(11) DEFAULT NULL
) ENGINE=InnoDB DEFAULT CHARSET=utf8mb4 COLLATE=utf8mb4_general_ci;

--
-- Dumping data for table `subjects`
--

INSERT INTO `subjects` (`subject_id`, `subject_name`, `teacher_id`) VALUES
(2, 'Science', 2),
(3, 'English', 3),
(5, 'IT', 1);

-- --------------------------------------------------------

--
-- Table structure for table `teachers`
--

CREATE TABLE `teachers` (
  `teacher_id` int(11) NOT NULL,
  `full_name` varchar(100) DEFAULT NULL,
  `subject_specialty` varchar(100) DEFAULT NULL,
  `email` varchar(100) DEFAULT NULL
) ENGINE=InnoDB DEFAULT CHARSET=utf8mb4 COLLATE=utf8mb4_general_ci;

--
-- Dumping data for table `teachers`
--

INSERT INTO `teachers` (`teacher_id`, `full_name`, `subject_specialty`, `email`) VALUES
(1, 'Dilani Perera', 'Mathematics', 'dilani.maths@school.com'),
(2, 'Ruwan De Silva', 'Science', 'ruwan.sci@school.com'),
(3, 'Amali Jayasuriya', 'English', 'amali.eng@school.com');

-- --------------------------------------------------------

--
-- Table structure for table `users`
--

CREATE TABLE `users` (
  `user_id` int(11) NOT NULL,
  `username` varchar(50) NOT NULL,
  `password_hash` varchar(255) NOT NULL,
  `role` enum('Admin','Teacher','Staff') DEFAULT 'Staff',
  `email` varchar(100) DEFAULT NULL
) ENGINE=InnoDB DEFAULT CHARSET=utf8mb4 COLLATE=utf8mb4_general_ci;

--
-- Dumping data for table `users`
--

INSERT INTO `users` (`user_id`, `username`, `password_hash`, `role`, `email`) VALUES
(1, 'admin', '12345678', 'Staff', 'gaveshasaparamadu06@gmail.com');

--
-- Indexes for dumped tables
--

--
-- Indexes for table `attendance`
--
ALTER TABLE `attendance`
  ADD PRIMARY KEY (`attendance_id`),
  ADD KEY `student_id` (`student_id`),
  ADD KEY `subject_id` (`subject_id`);

--
-- Indexes for table `grades`
--
ALTER TABLE `grades`
  ADD PRIMARY KEY (`grade_id`),
  ADD KEY `student_id` (`student_id`),
  ADD KEY `subject_id` (`subject_id`);

--
-- Indexes for table `marks`
--
ALTER TABLE `marks`
  ADD PRIMARY KEY (`mark_id`),
  ADD KEY `student_id` (`student_id`),
  ADD KEY `subject_id` (`subject_id`);

--
-- Indexes for table `students`
--
ALTER TABLE `students`
  ADD PRIMARY KEY (`student_id`);

--
-- Indexes for table `subjects`
--
ALTER TABLE `subjects`
  ADD PRIMARY KEY (`subject_id`),
  ADD KEY `teacher_id` (`teacher_id`);

--
-- Indexes for table `teachers`
--
ALTER TABLE `teachers`
  ADD PRIMARY KEY (`teacher_id`);

--
-- Indexes for table `users`
--
ALTER TABLE `users`
  ADD PRIMARY KEY (`user_id`),
  ADD UNIQUE KEY `username` (`username`);

--
-- AUTO_INCREMENT for dumped tables
--

--
-- AUTO_INCREMENT for table `attendance`
--
ALTER TABLE `attendance`
  MODIFY `attendance_id` int(11) NOT NULL AUTO_INCREMENT, AUTO_INCREMENT=12;

--
-- AUTO_INCREMENT for table `grades`
--
ALTER TABLE `grades`
  MODIFY `grade_id` int(11) NOT NULL AUTO_INCREMENT;

--
-- AUTO_INCREMENT for table `marks`
--
ALTER TABLE `marks`
  MODIFY `mark_id` int(11) NOT NULL AUTO_INCREMENT, AUTO_INCREMENT=14;

--
-- AUTO_INCREMENT for table `students`
--
ALTER TABLE `students`
  MODIFY `student_id` int(11) NOT NULL AUTO_INCREMENT, AUTO_INCREMENT=8;

--
-- AUTO_INCREMENT for table `subjects`
--
ALTER TABLE `subjects`
  MODIFY `subject_id` int(11) NOT NULL AUTO_INCREMENT, AUTO_INCREMENT=6;

--
-- AUTO_INCREMENT for table `teachers`
--
ALTER TABLE `teachers`
  MODIFY `teacher_id` int(11) NOT NULL AUTO_INCREMENT, AUTO_INCREMENT=5;

--
-- AUTO_INCREMENT for table `users`
--
ALTER TABLE `users`
  MODIFY `user_id` int(11) NOT NULL AUTO_INCREMENT, AUTO_INCREMENT=2;

--
-- Constraints for dumped tables
--

--
-- Constraints for table `attendance`
--
ALTER TABLE `attendance`
  ADD CONSTRAINT `attendance_ibfk_1` FOREIGN KEY (`student_id`) REFERENCES `students` (`student_id`),
  ADD CONSTRAINT `attendance_ibfk_2` FOREIGN KEY (`subject_id`) REFERENCES `subjects` (`subject_id`);

--
-- Constraints for table `grades`
--
ALTER TABLE `grades`
  ADD CONSTRAINT `grades_ibfk_1` FOREIGN KEY (`student_id`) REFERENCES `students` (`student_id`),
  ADD CONSTRAINT `grades_ibfk_2` FOREIGN KEY (`subject_id`) REFERENCES `subjects` (`subject_id`);

--
-- Constraints for table `marks`
--
ALTER TABLE `marks`
  ADD CONSTRAINT `marks_ibfk_1` FOREIGN KEY (`student_id`) REFERENCES `students` (`student_id`),
  ADD CONSTRAINT `marks_ibfk_2` FOREIGN KEY (`subject_id`) REFERENCES `subjects` (`subject_id`);

--
-- Constraints for table `subjects`
--
ALTER TABLE `subjects`
  ADD CONSTRAINT `subjects_ibfk_1` FOREIGN KEY (`teacher_id`) REFERENCES `teachers` (`teacher_id`);
COMMIT;

/*!40101 SET CHARACTER_SET_CLIENT=@OLD_CHARACTER_SET_CLIENT */;
/*!40101 SET CHARACTER_SET_RESULTS=@OLD_CHARACTER_SET_RESULTS */;
/*!40101 SET COLLATION_CONNECTION=@OLD_COLLATION_CONNECTION */;
